{
  "mean": [
    -1.904508113861084,
    -1.5919842720031738,
    274.96722412109375
  ],
  "std": [
    513.7333984375,
    514.874267578125,
    114.67119598388672
  ]
}